{
    "Logistic Regression": {
        "roc_auc": 0.6142661067559311,
        "precision": 0.6518335574523237,
        "recall": 0.7115572967678746,
        "f1_score": 0.609449121573806
    },
    "Random Forest": {
        "roc_auc": 0.6535613589009606,
        "precision": 0.7045301494241288,
        "recall": 0.7160626836434868,
        "f1_score": 0.6085487664388434
    },
    "XGBoost": {
        "roc_auc": 0.6775066905317144,
        "precision": 0.6982934074735347,
        "recall": 0.7248775710088149,
        "f1_score": 0.6512085396546431
    },
    "Gradient Boosting": {
        "roc_auc": 0.6758813393559655,
        "precision": 0.683850445728373,
        "recall": 0.7194906953966699,
        "f1_score": 0.6402824155297361
    },
    "Ensemble": {
        "roc_auc": 0.6781817766864573,
        "precision": 0.6980485281816706,
        "recall": 0.7204701273261508,
        "f1_score": 0.6297662202063177
    }
}